Nº do item,Tipo do Modelo
E00001,PLATAFORMA TESOURA ELETRICA
E00002,PLATAFORMA TESOURA ELETRICA
E00003,PLATAFORMA ARTIC. COMBUSTAO
E00004,PLATAFORMA ARTIC. COMBUSTAO
E00005,PLATAFORMA ARTIC. COMBUSTAO
E00006,PLATAFORMA ARTIC. ELETRICA
E00007,MANIPULADOR TELESCÓPICO
E00008,MANIPULADOR TELESCÓPICO
E00009,MANIPULADOR TELESCÓPICO
E00010,MANIPULADOR TELESCÓPICO
E00011,MANIPULADOR TELESCÓPICO
E00012,MANIPULADOR TELESCÓPICO
E00013,MANIPULADOR TELESCÓPICO
E00014,MANIPULADOR TELESCÓPICO
E00015,PLATAFORMA TESOURA ELETRICA
E00016,PLATAFORMA TESOURA ELETRICA
E00017,PLATAFORMA TESOURA ELETRICA
E00018,PLATAFORMA TESOURA ELETRICA
E00019,PLATAFORMA TESOURA ELETRICA
E00020,PLATAFORMA TESOURA ELETRICA
E00021,MANIPULADOR TELESCÓPICO
E00022,MANIPULADOR TELESCÓPICO
E00023,MANIPULADOR TELESCÓPICO
E00024,PLATAFORMA ARTIC. ELETRICA
E00025,PLATAFORMA ARTIC. COMBUSTAO
E00026,MANIPULADOR TELESCÓPICO
E00027,MANIPULADOR TELESCÓPICO
E00028,MANIPULADOR TELESCÓPICO
E00029,MANIPULADOR TELESCÓPICO
E00030,PLATAFORMA TESOURA ELETRICA
E00031,PLATAFORMA TESOURA ELETRICA
E00032,RETROESCAVADEIRA
E00033,MANIPULADOR TELESCÓPICO
E00038,MANIPULADOR TELESCÓPICO ROTATIVO
E00045,MANIPULADOR TELESCÓPICO ROTATIVO
E00046,PLATAFORMA TESOURA ELETRICA
E00047,PLATAFORMA TESOURA ELETRICA
E00048,PLATAFORMA TESOURA ELETRICA
E00049,PLATAFORMA TESOURA ELETRICA
E00050,PLATAFORMA TESOURA ELETRICA
E00051,PLATAFORMA TESOURA ELETRICA
E00052,RETROESCAVADEIRA
E00053,MANIPULADOR TELESCÓPICO
E00054,MANIPULADOR TELESCÓPICO
E00055,PLATAFORMA ARTIC. ELETRICA
E00056,PLATAFORMA ARTIC. ELETRICA
E00057,PLATAFORMA ARTIC. ELETRICA
E00058,PLATAFORMA ARTIC. ELETRICA
E00059,PLATAFORMA ARTIC. ELETRICA
E00060,PLATAFORMA ARTIC. ELETRICA
E00064,PLATAFORMA ARTIC. COMBUSTAO
E00065,PLATAFORMA ARTIC. COMBUSTAO
E00066,PLATAFORMA ARTIC. COMBUSTAO
E00068,MANIPULADOR TELESCÓPICO
E00069,MANIPULADOR TELESCÓPICO
E00070,PLATAFORMA ARTIC. COMBUSTAO
E00074,MANIPULADOR TELESCÓPICO
